INSERT INTO user_entity(id, username, password, name, surname, birthday, email, account_non_expired, account_non_locked, credentials_non_expired, enabled, roles, created_at, last_password_change_at) VALUES ('4ae23df7-4194-4941-8a9d-0310c37c3d30','Admin', '{bcrypt}$2a$12$PyN/vrm7fBOBPDr7f1fp3uriyQVV9NzVpa/9OlGSHSqGORvTVyihK', 'Clara', 'Infante', '1998-12-13', 'admin@gmail.com', true, true, true, true, 'ADMIN,USER', CURRENT_TIMESTAMP, CURRENT_TIMESTAMP)
INSERT INTO user_entity(id, username, password, name, surname, birthday, email, account_non_expired, account_non_locked, credentials_non_expired, enabled, roles, created_at, last_password_change_at) VALUES ('4ae23df7-4194-4941-8a9d-4890c37c3d30','User', '{bcrypt}$2a$12$y6JkP9oDKp71fycUVRmQxe3ZcCqOTeuxkx.sqaWMelfey1aVOAFVm', 'Antonio', 'Jiménez', '1998-9-21', 'antoniojimenez@gmail.com', true, true, true, true, 'USER', CURRENT_TIMESTAMP, CURRENT_TIMESTAMP)
INSERT INTO user_entity(id, username, password, name, surname, birthday, email, account_non_expired, account_non_locked, credentials_non_expired, enabled, roles, created_at, last_password_change_at) VALUES ('4ae23df7-4194-4941-8a9d-1234c37c3d30','Engorilao', '{bcrypt}$2a$12$UPAjWL1Ww6rF/pVfdPzojuZrIA.iGAirQiIy99SOKQSU400nbxLR6', 'Pepito', 'Pérez', '2022-12-13', 'antonio@gmail.com', true, true, true, true, 'USER', CURRENT_TIMESTAMP, CURRENT_TIMESTAMP)

INSERT INTO post_entity(title, img, user_id, description, location, date_time) VALUES ('Setas de sevilla', 'setas.jpg', '4ae23df7-4194-4941-8a9d-0310c37c3d30', 'Mítico spot sevillano ubicado en el corazón de la ciudad.', '44.3, -21.5', CURRENT_TIMESTAMP)
INSERT INTO post_entity(title, img, user_id, description, location, date_time) VALUES ('Puerta de Jerez', 'puertajerez.jpg', '4ae23df7-4194-4941-8a9d-0310c37c3d30', 'Un sitio muy bonito.', '1.2,1.9', CURRENT_TIMESTAMP)
INSERT INTO post_entity(title, img, user_id, description, location, date_time) VALUES ('Skatepark de Tetuán', 'tetuan.jpeg', '4ae23df7-4194-4941-8a9d-0310c37c3d30', 'Uno de las pistas más antiguas de la ciudad que sigue altamente frecuentada.', '1.2,1.9', CURRENT_TIMESTAMP)
INSERT INTO post_entity(title, img, user_id, description, location, date_time) VALUES ('Skatepark de San José', 'sanjose.jpg', '4ae23df7-4194-4941-8a9d-0310c37c3d30', 'Pista perfecta para pasar el día, dispone de todo, todo tipo de modulos, zona de picnic, cancha de baloncesto, fuente, etc.', '1.2,1.9', CURRENT_TIMESTAMP)
INSERT INTO post_entity(title, img, user_id, description, location, date_time) VALUES ('SkatePark Plaza de Armas', 'pla.webp', '4ae23df7-4194-4941-8a9d-0310c37c3d30', 'A ver si nos haceis uno nuevo ya porque podría pasar como ruina romana ya.', '1.2,1.9', CURRENT_TIMESTAMP)
INSERT INTO post_entity(title, img, user_id, description, location, date_time) VALUES ('Ciudad Expo', 'pla.webp', '4ae23df7-4194-4941-8a9d-4890c37c3d30', 'Un sitio muy bonito.', '1.2,1.9', CURRENT_TIMESTAMP)
INSERT INTO post_entity(title, img, user_id, description, location, date_time) VALUES ('Skatepark Tomares', 'pla.webp', '4ae23df7-4194-4941-8a9d-0310c37c3d30', 'Un sitio muy bonito.', '1.2,1.9', CURRENT_TIMESTAMP)
INSERT INTO post_entity(title, img, user_id, description, location, date_time) VALUES ('Skatepark Camas', 'pla.webp', '4ae23df7-4194-4941-8a9d-0310c37c3d30', 'Un sitio muy bonito.', '1.2,1.9', CURRENT_TIMESTAMP)
INSERT INTO post_entity(title, img, user_id, description, location, date_time) VALUES ('Debajo del puente', 'pla.webp', '4ae23df7-4194-4941-8a9d-4890c37c3d30', 'Un sitio muy bonito.', '1.2,78.5', CURRENT_TIMESTAMP)
INSERT INTO post_entity(title, img, user_id, description, location, date_time) VALUES ('Skatepark Jerez', 'pla.webp', '4ae23df7-4194-4941-8a9d-4890c37c3d30', 'Un sitio muy bonito.', '3.4,2.66', CURRENT_TIMESTAMP)
INSERT INTO post_entity(title, img, user_id, description, location, date_time) VALUES ('Pabellón Marruecos', 'pla.webp', '4ae23df7-4194-4941-8a9d-4890c37c3d30', 'Un sitio muy bonito.', '14.21,-23.5', CURRENT_TIMESTAMP)
INSERT INTO post_entity(title, img, user_id, description, location, date_time) VALUES ('Las 13 de plaza de Armas', 'pla.webp', '4ae23df7-4194-4941-8a9d-4890c37c3d30', 'Un sitio muy bonito.', '-5,4.66', CURRENT_TIMESTAMP)
INSERT INTO post_entity(title, img, user_id, description, location, date_time) VALUES ('Macba', 'pla.webp', '4ae23df7-4194-4941-8a9d-4890c37c3d30', 'Un sitio muy bonito.', '-2,-34', CURRENT_TIMESTAMP)
INSERT INTO post_entity(title, img, user_id, description, location, date_time) VALUES ('El Rabal banquitos', 'pla.webp', '4ae23df7-4194-4941-8a9d-4890c37c3d30', 'Un sitio muy bonito.', '-12,12', CURRENT_TIMESTAMP)
INSERT INTO post_entity(title, img, user_id, description, location, date_time) VALUES ('Gradas Macba', 'pla.webp', '4ae23df7-4194-4941-8a9d-4890c37c3d30', 'Un sitio muy bonito.', '12,12', CURRENT_TIMESTAMP)


INSERT INTO comment_entity(user_id, post_id, date_time, body) VALUES ('4ae23df7-4194-4941-8a9d-1234c37c3d30', 1, CURRENT_TIMESTAMP, 'Algún día pondrán un cartel para que los guiris puedan subir a las setas.')
INSERT INTO comment_entity(user_id, post_id, date_time, body) VALUES ('4ae23df7-4194-4941-8a9d-1234c37c3d30', 3, CURRENT_TIMESTAMP, 'Los bocatas de calamares del bar de al lao no están muy bien.')
INSERT INTO comment_entity(user_id, post_id, date_time, body) VALUES ('4ae23df7-4194-4941-8a9d-4890c37c3d30', 4, CURRENT_TIMESTAMP, 'El sitio es brutal pero cuidaito.')
INSERT INTO comment_entity(user_id, post_id, date_time, body) VALUES ('4ae23df7-4194-4941-8a9d-0310c37c3d30', 5, CURRENT_TIMESTAMP, 'El otro dia me saludo una rata mientras hacia un treflip.')
INSERT INTO comment_entity(user_id, post_id, date_time, body) VALUES ('4ae23df7-4194-4941-8a9d-4890c37c3d30', 1, CURRENT_TIMESTAMP, 'Excuse me how can i get up?')
INSERT INTO like_entity(user_id, post_id, date_time) VALUES ('4ae23df7-4194-4941-8a9d-0310c37c3d30', 1, CURRENT_TIMESTAMP)
INSERT INTO like_entity(user_id, post_id, date_time) VALUES ('4ae23df7-4194-4941-8a9d-0310c37c3d30', 3, CURRENT_TIMESTAMP)
INSERT INTO like_entity(user_id, post_id, date_time) VALUES ('4ae23df7-4194-4941-8a9d-0310c37c3d30', 5, CURRENT_TIMESTAMP)
INSERT INTO like_entity(user_id, post_id, date_time) VALUES ('4ae23df7-4194-4941-8a9d-4890c37c3d30', 1, CURRENT_TIMESTAMP)
INSERT INTO like_entity(user_id, post_id, date_time) VALUES ('4ae23df7-4194-4941-8a9d-4890c37c3d30', 3, CURRENT_TIMESTAMP)
INSERT INTO like_entity(user_id, post_id, date_time) VALUES ('4ae23df7-4194-4941-8a9d-4890c37c3d30', 4, CURRENT_TIMESTAMP)
INSERT INTO like_entity(user_id, post_id, date_time) VALUES ('4ae23df7-4194-4941-8a9d-4890c37c3d30', 5, CURRENT_TIMESTAMP)
INSERT INTO like_entity(user_id, post_id, date_time) VALUES ('4ae23df7-4194-4941-8a9d-1234c37c3d30', 1, CURRENT_TIMESTAMP)
INSERT INTO like_entity(user_id, post_id, date_time) VALUES ('4ae23df7-4194-4941-8a9d-1234c37c3d30', 3, CURRENT_TIMESTAMP)
INSERT INTO like_entity(user_id, post_id, date_time) VALUES ('4ae23df7-4194-4941-8a9d-1234c37c3d30', 5, CURRENT_TIMESTAMP)
INSERT INTO chat_entity(user1_id, user2_id, last_update) VALUES ('4ae23df7-4194-4941-8a9d-0310c37c3d30', '4ae23df7-4194-4941-8a9d-4890c37c3d30', CURRENT_TIMESTAMP)
INSERT INTO chat_entity(user1_id, user2_id, last_update) VALUES ('4ae23df7-4194-4941-8a9d-0310c37c3d30', '4ae23df7-4194-4941-8a9d-1234c37c3d30', CURRENT_TIMESTAMP)
INSERT INTO message_entity(owner_id, body, watched, date_time, chat_user1_id, chat_user2_id) VALUES ('4ae23df7-4194-4941-8a9d-0310c37c3d30', 'Hola Maylor tq si esto funciona', false, CURRENT_TIMESTAMP, '4ae23df7-4194-4941-8a9d-0310c37c3d30', '4ae23df7-4194-4941-8a9d-1234c37c3d30')


